subject,body,label
Weekly Engineering Standup Notes - Sprint 42,"Hi Team,

Here is a recap of today's sprint standup. Front-end team completed the user profile redesign. Backend team finalized the database migration scripts and resolved issue #302. Next code freeze is scheduled for Thursday at 4:00 PM. Please make sure all pull requests are reviewed by tomorrow afternoon.

Best,
Alex Turner
Engineering Lead",0
Re: Weekly Engineering Standup Notes - Sprint 42,"Thanks for the update.

On Mon, wrote:
Hi Team,

Here is a recap of today's sprint standup. Front-end team completed the user profile redesign. Backend team finalized the database migration scripts and resolved issue #302. Next code freeze is scheduled for Thursday at 4:00 PM. Please make sure all pull requests are reviewed by tomorrow afternoon.

Best,
Alex Turner
Engineering Lead",0
Fwd: Weekly Engineering Standup Notes - Sprint 42,"Sharing this with the wider group for visibility.

---------- Forwarded message ---------
Hi Team,

Here is a recap of today's sprint standup. Front-end team completed the user profile redesign. Backend team finalized the database migration scripts and resolved issue #302. Next code freeze is scheduled for Thursday at 4:00 PM. Please make sure all pull requests are reviewed by tomorrow afternoon.

Best,
Alex Turner
Engineering Lead",0
[Update] Weekly Engineering Standup Notes - Sprint 42,"Team,

Hi Team,

Here is a recap of today's sprint standup. Front-end team completed the user profile redesign. Backend team finalized the database migration scripts and resolved issue #302. Next code freeze is scheduled for Thursday at 4:00 PM. Please make sure all pull requests are reviewed by tomorrow afternoon.

Best,
Alex Turner
Engineering Lead

Have a great remainder of the week.",0
FYI: Weekly Engineering Standup Notes - Sprint 42,"Please see below for your information:

Hi Team,

Here is a recap of today's sprint standup. Front-end team completed the user profile redesign. Backend team finalized the database migration scripts and resolved issue #302. Next code freeze is scheduled for Thursday at 4:00 PM. Please make sure all pull requests are reviewed by tomorrow afternoon.

Best,
Alex Turner
Engineering Lead

Let me know if any questions.",0
[Internal] Weekly Engineering Standup Notes - Sprint 42,"All,

Hi Team,

Here is a recap of today's sprint standup. Front-end team completed the user profile redesign. Backend team finalized the database migration scripts and resolved issue #302. Next code freeze is scheduled for Thursday at 4:00 PM. Please make sure all pull requests are reviewed by tomorrow afternoon.

Best,
Alex Turner
Engineering Lead

Best regards,
Internal Operations Team",0
Follow-up: Weekly Engineering Standup Notes - Sprint 42,"Following up on our discussion yesterday regarding this matter:

Hi Team,

Here is a recap of today's sprint standup. Front-end team completed the user profile redesign. Backend team finalized the database migration scripts and resolved issue #302. Next code freeze is scheduled for Thursday at 4:00 PM. Please make sure all pull requests are reviewed by tomorrow afternoon.

Best,
Alex Turner
Engineering Lead

Cheers,
Alex",0
Weekly Digest: Weekly Engineering Standup Notes - Sprint 42,"Here is your weekly summary:

Hi Team,

Here is a recap of today's sprint standup. Front-end team completed the user profile redesign. Backend team finalized the database migration scripts and resolved issue #302. Next code freeze is scheduled for Thursday at 4:00 PM. Please make sure all pull requests are reviewed by tomorrow afternoon.

Best,
Alex Turner
Engineering Lead",0
GitHub: Pull request #142 approved and merged into main,"Hi Rohan,

Your pull request #142 ('Optimize database queries for scan results') has been reviewed and approved by Sarah Chen. All 48 CI unit tests passed successfully. The changes have been merged into the main branch and will be deployed in the next scheduled release window.

View pull request on GitHub: https://github.com/company/mail-sentinel/pull/142",0
Re: GitHub: Pull request #142 approved and merged into main,"Thanks for the update.

On Mon, wrote:
Hi Rohan,

Your pull request #142 ('Optimize database queries for scan results') has been reviewed and approved by Sarah Chen. All 48 CI unit tests passed successfully. The changes have been merged into the main branch and will be deployed in the next scheduled release window.

View pull request on GitHub: https://github.com/company/mail-sentinel/pull/142",0
Fwd: GitHub: Pull request #142 approved and merged into main,"Sharing this with the wider group for visibility.

---------- Forwarded message ---------
Hi Rohan,

Your pull request #142 ('Optimize database queries for scan results') has been reviewed and approved by Sarah Chen. All 48 CI unit tests passed successfully. The changes have been merged into the main branch and will be deployed in the next scheduled release window.

View pull request on GitHub: https://github.com/company/mail-sentinel/pull/142",0
[Update] GitHub: Pull request #142 approved and merged into main,"Team,

Hi Rohan,

Your pull request #142 ('Optimize database queries for scan results') has been reviewed and approved by Sarah Chen. All 48 CI unit tests passed successfully. The changes have been merged into the main branch and will be deployed in the next scheduled release window.

View pull request on GitHub: https://github.com/company/mail-sentinel/pull/142

Have a great remainder of the week.",0
FYI: GitHub: Pull request #142 approved and merged into main,"Please see below for your information:

Hi Rohan,

Your pull request #142 ('Optimize database queries for scan results') has been reviewed and approved by Sarah Chen. All 48 CI unit tests passed successfully. The changes have been merged into the main branch and will be deployed in the next scheduled release window.

View pull request on GitHub: https://github.com/company/mail-sentinel/pull/142

Let me know if any questions.",0
[Internal] GitHub: Pull request #142 approved and merged into main,"All,

Hi Rohan,

Your pull request #142 ('Optimize database queries for scan results') has been reviewed and approved by Sarah Chen. All 48 CI unit tests passed successfully. The changes have been merged into the main branch and will be deployed in the next scheduled release window.

View pull request on GitHub: https://github.com/company/mail-sentinel/pull/142

Best regards,
Internal Operations Team",0
Follow-up: GitHub: Pull request #142 approved and merged into main,"Following up on our discussion yesterday regarding this matter:

Hi Rohan,

Your pull request #142 ('Optimize database queries for scan results') has been reviewed and approved by Sarah Chen. All 48 CI unit tests passed successfully. The changes have been merged into the main branch and will be deployed in the next scheduled release window.

View pull request on GitHub: https://github.com/company/mail-sentinel/pull/142

Cheers,
Alex",0
Weekly Digest: GitHub: Pull request #142 approved and merged into main,"Here is your weekly summary:

Hi Rohan,

Your pull request #142 ('Optimize database queries for scan results') has been reviewed and approved by Sarah Chen. All 48 CI unit tests passed successfully. The changes have been merged into the main branch and will be deployed in the next scheduled release window.

View pull request on GitHub: https://github.com/company/mail-sentinel/pull/142",0
Quarterly Team All-Hands Meeting Agenda - Thursday 2 PM,"Hello Everyone,

Please find the agenda for our upcoming Q3 All-Hands meeting this Thursday at 2:00 PM in Conference Room B and on Google Meet.

Agenda:
1. Executive Summary & Company Milestones
2. Product Roadmap Update
3. Customer Success Highlights
4. Open Q&A

Looking forward to seeing everyone there.

Regards,
People Operations",0
Re: Quarterly Team All-Hands Meeting Agenda - Thursday 2 PM,"Thanks for the update.

On Mon, wrote:
Hello Everyone,

Please find the agenda for our upcoming Q3 All-Hands meeting this Thursday at 2:00 PM in Conference Room B and on Google Meet.

Agenda:
1. Executive Summary & Company Milestones
2. Product Roadmap Update
3. Customer Success Highlights
4. Open Q&A

Looking forward to seeing everyone there.

Regards,
People Operations",0
Fwd: Quarterly Team All-Hands Meeting Agenda - Thursday 2 PM,"Sharing this with the wider group for visibility.

---------- Forwarded message ---------
Hello Everyone,

Please find the agenda for our upcoming Q3 All-Hands meeting this Thursday at 2:00 PM in Conference Room B and on Google Meet.

Agenda:
1. Executive Summary & Company Milestones
2. Product Roadmap Update
3. Customer Success Highlights
4. Open Q&A

Looking forward to seeing everyone there.

Regards,
People Operations",0
[Update] Quarterly Team All-Hands Meeting Agenda - Thursday 2 PM,"Team,

Hello Everyone,

Please find the agenda for our upcoming Q3 All-Hands meeting this Thursday at 2:00 PM in Conference Room B and on Google Meet.

Agenda:
1. Executive Summary & Company Milestones
2. Product Roadmap Update
3. Customer Success Highlights
4. Open Q&A

Looking forward to seeing everyone there.

Regards,
People Operations

Have a great remainder of the week.",0
FYI: Quarterly Team All-Hands Meeting Agenda - Thursday 2 PM,"Please see below for your information:

Hello Everyone,

Please find the agenda for our upcoming Q3 All-Hands meeting this Thursday at 2:00 PM in Conference Room B and on Google Meet.

Agenda:
1. Executive Summary & Company Milestones
2. Product Roadmap Update
3. Customer Success Highlights
4. Open Q&A

Looking forward to seeing everyone there.

Regards,
People Operations

Let me know if any questions.",0
[Internal] Quarterly Team All-Hands Meeting Agenda - Thursday 2 PM,"All,

Hello Everyone,

Please find the agenda for our upcoming Q3 All-Hands meeting this Thursday at 2:00 PM in Conference Room B and on Google Meet.

Agenda:
1. Executive Summary & Company Milestones
2. Product Roadmap Update
3. Customer Success Highlights
4. Open Q&A

Looking forward to seeing everyone there.

Regards,
People Operations

Best regards,
Internal Operations Team",0
Follow-up: Quarterly Team All-Hands Meeting Agenda - Thursday 2 PM,"Following up on our discussion yesterday regarding this matter:

Hello Everyone,

Please find the agenda for our upcoming Q3 All-Hands meeting this Thursday at 2:00 PM in Conference Room B and on Google Meet.

Agenda:
1. Executive Summary & Company Milestones
2. Product Roadmap Update
3. Customer Success Highlights
4. Open Q&A

Looking forward to seeing everyone there.

Regards,
People Operations

Cheers,
Alex",0
Weekly Digest: Quarterly Team All-Hands Meeting Agenda - Thursday 2 PM,"Here is your weekly summary:

Hello Everyone,

Please find the agenda for our upcoming Q3 All-Hands meeting this Thursday at 2:00 PM in Conference Room B and on Google Meet.

Agenda:
1. Executive Summary & Company Milestones
2. Product Roadmap Update
3. Customer Success Highlights
4. Open Q&A

Looking forward to seeing everyone there.

Regards,
People Operations",0
AWS Monthly Billing Invoice - Account #849201923,"Dear AWS Customer,

Your Amazon Web Services billing statement for the period October 1 - October 31 is now available. Total amount charged: $148.32 to card ending in 8192. You can view your itemized billing statement and cost breakdown in the AWS Management Console at https://console.aws.amazon.com/billing/home. Thank you for choosing AWS.",0
Re: AWS Monthly Billing Invoice - Account #849201923,"Thanks for the update.

On Mon, wrote:
Dear AWS Customer,

Your Amazon Web Services billing statement for the period October 1 - October 31 is now available. Total amount charged: $148.32 to card ending in 8192. You can view your itemized billing statement and cost breakdown in the AWS Management Console at https://console.aws.amazon.com/billing/home. Thank you for choosing AWS.",0
Fwd: AWS Monthly Billing Invoice - Account #849201923,"Sharing this with the wider group for visibility.

---------- Forwarded message ---------
Dear AWS Customer,

Your Amazon Web Services billing statement for the period October 1 - October 31 is now available. Total amount charged: $148.32 to card ending in 8192. You can view your itemized billing statement and cost breakdown in the AWS Management Console at https://console.aws.amazon.com/billing/home. Thank you for choosing AWS.",0
[Update] AWS Monthly Billing Invoice - Account #849201923,"Team,

Dear AWS Customer,

Your Amazon Web Services billing statement for the period October 1 - October 31 is now available. Total amount charged: $148.32 to card ending in 8192. You can view your itemized billing statement and cost breakdown in the AWS Management Console at https://console.aws.amazon.com/billing/home. Thank you for choosing AWS.

Have a great remainder of the week.",0
FYI: AWS Monthly Billing Invoice - Account #849201923,"Please see below for your information:

Dear AWS Customer,

Your Amazon Web Services billing statement for the period October 1 - October 31 is now available. Total amount charged: $148.32 to card ending in 8192. You can view your itemized billing statement and cost breakdown in the AWS Management Console at https://console.aws.amazon.com/billing/home. Thank you for choosing AWS.

Let me know if any questions.",0
[Internal] AWS Monthly Billing Invoice - Account #849201923,"All,

Dear AWS Customer,

Your Amazon Web Services billing statement for the period October 1 - October 31 is now available. Total amount charged: $148.32 to card ending in 8192. You can view your itemized billing statement and cost breakdown in the AWS Management Console at https://console.aws.amazon.com/billing/home. Thank you for choosing AWS.

Best regards,
Internal Operations Team",0
Follow-up: AWS Monthly Billing Invoice - Account #849201923,"Following up on our discussion yesterday regarding this matter:

Dear AWS Customer,

Your Amazon Web Services billing statement for the period October 1 - October 31 is now available. Total amount charged: $148.32 to card ending in 8192. You can view your itemized billing statement and cost breakdown in the AWS Management Console at https://console.aws.amazon.com/billing/home. Thank you for choosing AWS.

Cheers,
Alex",0
Weekly Digest: AWS Monthly Billing Invoice - Account #849201923,"Here is your weekly summary:

Dear AWS Customer,

Your Amazon Web Services billing statement for the period October 1 - October 31 is now available. Total amount charged: $148.32 to card ending in 8192. You can view your itemized billing statement and cost breakdown in the AWS Management Console at https://console.aws.amazon.com/billing/home. Thank you for choosing AWS.",0
Your order has shipped: O'Reilly 'Designing Data-Intensive Applications',"Hello,

Great news! Your recent book order has shipped via USPS Priority Mail. Tracking Number: 9400111899223192839102. Estimated delivery date is Tuesday, November 12th. You can track your package progress directly at https://www.usps.com.

Thank you for shopping with us.",0
Re: Your order has shipped: O'Reilly 'Designing Data-Intensive Applications',"Thanks for the update.

On Mon, wrote:
Hello,

Great news! Your recent book order has shipped via USPS Priority Mail. Tracking Number: 9400111899223192839102. Estimated delivery date is Tuesday, November 12th. You can track your package progress directly at https://www.usps.com.

Thank you for shopping with us.",0
Fwd: Your order has shipped: O'Reilly 'Designing Data-Intensive Applications',"Sharing this with the wider group for visibility.

---------- Forwarded message ---------
Hello,

Great news! Your recent book order has shipped via USPS Priority Mail. Tracking Number: 9400111899223192839102. Estimated delivery date is Tuesday, November 12th. You can track your package progress directly at https://www.usps.com.

Thank you for shopping with us.",0
[Update] Your order has shipped: O'Reilly 'Designing Data-Intensive Applications',"Team,

Hello,

Great news! Your recent book order has shipped via USPS Priority Mail. Tracking Number: 9400111899223192839102. Estimated delivery date is Tuesday, November 12th. You can track your package progress directly at https://www.usps.com.

Thank you for shopping with us.

Have a great remainder of the week.",0
FYI: Your order has shipped: O'Reilly 'Designing Data-Intensive Applications',"Please see below for your information:

Hello,

Great news! Your recent book order has shipped via USPS Priority Mail. Tracking Number: 9400111899223192839102. Estimated delivery date is Tuesday, November 12th. You can track your package progress directly at https://www.usps.com.

Thank you for shopping with us.

Let me know if any questions.",0
[Internal] Your order has shipped: O'Reilly 'Designing Data-Intensive Applications',"All,

Hello,

Great news! Your recent book order has shipped via USPS Priority Mail. Tracking Number: 9400111899223192839102. Estimated delivery date is Tuesday, November 12th. You can track your package progress directly at https://www.usps.com.

Thank you for shopping with us.

Best regards,
Internal Operations Team",0
Follow-up: Your order has shipped: O'Reilly 'Designing Data-Intensive Applications',"Following up on our discussion yesterday regarding this matter:

Hello,

Great news! Your recent book order has shipped via USPS Priority Mail. Tracking Number: 9400111899223192839102. Estimated delivery date is Tuesday, November 12th. You can track your package progress directly at https://www.usps.com.

Thank you for shopping with us.

Cheers,
Alex",0
Weekly Digest: Your order has shipped: O'Reilly 'Designing Data-Intensive Applications',"Here is your weekly summary:

Hello,

Great news! Your recent book order has shipped via USPS Priority Mail. Tracking Number: 9400111899223192839102. Estimated delivery date is Tuesday, November 12th. You can track your package progress directly at https://www.usps.com.

Thank you for shopping with us.",0
Lunch & Learn: Introduction to Rust for Python Developers,"Hey folks,

Join us this Friday at 12:30 PM in the 4th floor lounge for our monthly engineering Lunch & Learn session. David will give a practical walkthrough of writing high-performance Rust extensions for Python web services. Pizza and refreshments will be provided. RSVP on the calendar invite so we have an accurate headcount.",0
Re: Lunch & Learn: Introduction to Rust for Python Developers,"Thanks for the update.

On Mon, wrote:
Hey folks,

Join us this Friday at 12:30 PM in the 4th floor lounge for our monthly engineering Lunch & Learn session. David will give a practical walkthrough of writing high-performance Rust extensions for Python web services. Pizza and refreshments will be provided. RSVP on the calendar invite so we have an accurate headcount.",0
Fwd: Lunch & Learn: Introduction to Rust for Python Developers,"Sharing this with the wider group for visibility.

---------- Forwarded message ---------
Hey folks,

Join us this Friday at 12:30 PM in the 4th floor lounge for our monthly engineering Lunch & Learn session. David will give a practical walkthrough of writing high-performance Rust extensions for Python web services. Pizza and refreshments will be provided. RSVP on the calendar invite so we have an accurate headcount.",0
[Update] Lunch & Learn: Introduction to Rust for Python Developers,"Team,

Hey folks,

Join us this Friday at 12:30 PM in the 4th floor lounge for our monthly engineering Lunch & Learn session. David will give a practical walkthrough of writing high-performance Rust extensions for Python web services. Pizza and refreshments will be provided. RSVP on the calendar invite so we have an accurate headcount.

Have a great remainder of the week.",0
FYI: Lunch & Learn: Introduction to Rust for Python Developers,"Please see below for your information:

Hey folks,

Join us this Friday at 12:30 PM in the 4th floor lounge for our monthly engineering Lunch & Learn session. David will give a practical walkthrough of writing high-performance Rust extensions for Python web services. Pizza and refreshments will be provided. RSVP on the calendar invite so we have an accurate headcount.

Let me know if any questions.",0
[Internal] Lunch & Learn: Introduction to Rust for Python Developers,"All,

Hey folks,

Join us this Friday at 12:30 PM in the 4th floor lounge for our monthly engineering Lunch & Learn session. David will give a practical walkthrough of writing high-performance Rust extensions for Python web services. Pizza and refreshments will be provided. RSVP on the calendar invite so we have an accurate headcount.

Best regards,
Internal Operations Team",0
Follow-up: Lunch & Learn: Introduction to Rust for Python Developers,"Following up on our discussion yesterday regarding this matter:

Hey folks,

Join us this Friday at 12:30 PM in the 4th floor lounge for our monthly engineering Lunch & Learn session. David will give a practical walkthrough of writing high-performance Rust extensions for Python web services. Pizza and refreshments will be provided. RSVP on the calendar invite so we have an accurate headcount.

Cheers,
Alex",0
Weekly Digest: Lunch & Learn: Introduction to Rust for Python Developers,"Here is your weekly summary:

Hey folks,

Join us this Friday at 12:30 PM in the 4th floor lounge for our monthly engineering Lunch & Learn session. David will give a practical walkthrough of writing high-performance Rust extensions for Python web services. Pizza and refreshments will be provided. RSVP on the calendar invite so we have an accurate headcount.",0
Customer Support Ticket #8912 resolved: API Rate Limit Increase,"Hi Michael,

We have reviewed your request and successfully upgraded your production API quota to 10,000 requests per minute. You should see the updated threshold reflected in your developer portal dashboard immediately. Let us know if you need any further assistance.

Best regards,
Stripe Developer Support Team",0
Re: Customer Support Ticket #8912 resolved: API Rate Limit Increase,"Thanks for the update.

On Mon, wrote:
Hi Michael,

We have reviewed your request and successfully upgraded your production API quota to 10,000 requests per minute. You should see the updated threshold reflected in your developer portal dashboard immediately. Let us know if you need any further assistance.

Best regards,
Stripe Developer Support Team",0
Fwd: Customer Support Ticket #8912 resolved: API Rate Limit Increase,"Sharing this with the wider group for visibility.

---------- Forwarded message ---------
Hi Michael,

We have reviewed your request and successfully upgraded your production API quota to 10,000 requests per minute. You should see the updated threshold reflected in your developer portal dashboard immediately. Let us know if you need any further assistance.

Best regards,
Stripe Developer Support Team",0
[Update] Customer Support Ticket #8912 resolved: API Rate Limit Increase,"Team,

Hi Michael,

We have reviewed your request and successfully upgraded your production API quota to 10,000 requests per minute. You should see the updated threshold reflected in your developer portal dashboard immediately. Let us know if you need any further assistance.

Best regards,
Stripe Developer Support Team

Have a great remainder of the week.",0
FYI: Customer Support Ticket #8912 resolved: API Rate Limit Increase,"Please see below for your information:

Hi Michael,

We have reviewed your request and successfully upgraded your production API quota to 10,000 requests per minute. You should see the updated threshold reflected in your developer portal dashboard immediately. Let us know if you need any further assistance.

Best regards,
Stripe Developer Support Team

Let me know if any questions.",0
[Internal] Customer Support Ticket #8912 resolved: API Rate Limit Increase,"All,

Hi Michael,

We have reviewed your request and successfully upgraded your production API quota to 10,000 requests per minute. You should see the updated threshold reflected in your developer portal dashboard immediately. Let us know if you need any further assistance.

Best regards,
Stripe Developer Support Team

Best regards,
Internal Operations Team",0
Follow-up: Customer Support Ticket #8912 resolved: API Rate Limit Increase,"Following up on our discussion yesterday regarding this matter:

Hi Michael,

We have reviewed your request and successfully upgraded your production API quota to 10,000 requests per minute. You should see the updated threshold reflected in your developer portal dashboard immediately. Let us know if you need any further assistance.

Best regards,
Stripe Developer Support Team

Cheers,
Alex",0
Weekly Digest: Customer Support Ticket #8912 resolved: API Rate Limit Increase,"Here is your weekly summary:

Hi Michael,

We have reviewed your request and successfully upgraded your production API quota to 10,000 requests per minute. You should see the updated threshold reflected in your developer portal dashboard immediately. Let us know if you need any further assistance.

Best regards,
Stripe Developer Support Team",0
Release Notes: Mail Sentinel v1.2.0 is now available,"We are excited to announce the release of Mail Sentinel v1.2.0!

Key Highlights:
- Enhanced passive URL domain analysis
- Improved accuracy on display name typosquatting
- Added export reports in JSON/CSV
- Bug fixes in attachment MIME detection

Check out the full changelog in our documentation repository.",0
Re: Release Notes: Mail Sentinel v1.2.0 is now available,"Thanks for the update.

On Mon, wrote:
We are excited to announce the release of Mail Sentinel v1.2.0!

Key Highlights:
- Enhanced passive URL domain analysis
- Improved accuracy on display name typosquatting
- Added export reports in JSON/CSV
- Bug fixes in attachment MIME detection

Check out the full changelog in our documentation repository.",0
Fwd: Release Notes: Mail Sentinel v1.2.0 is now available,"Sharing this with the wider group for visibility.

---------- Forwarded message ---------
We are excited to announce the release of Mail Sentinel v1.2.0!

Key Highlights:
- Enhanced passive URL domain analysis
- Improved accuracy on display name typosquatting
- Added export reports in JSON/CSV
- Bug fixes in attachment MIME detection

Check out the full changelog in our documentation repository.",0
[Update] Release Notes: Mail Sentinel v1.2.0 is now available,"Team,

We are excited to announce the release of Mail Sentinel v1.2.0!

Key Highlights:
- Enhanced passive URL domain analysis
- Improved accuracy on display name typosquatting
- Added export reports in JSON/CSV
- Bug fixes in attachment MIME detection

Check out the full changelog in our documentation repository.

Have a great remainder of the week.",0
FYI: Release Notes: Mail Sentinel v1.2.0 is now available,"Please see below for your information:

We are excited to announce the release of Mail Sentinel v1.2.0!

Key Highlights:
- Enhanced passive URL domain analysis
- Improved accuracy on display name typosquatting
- Added export reports in JSON/CSV
- Bug fixes in attachment MIME detection

Check out the full changelog in our documentation repository.

Let me know if any questions.",0
[Internal] Release Notes: Mail Sentinel v1.2.0 is now available,"All,

We are excited to announce the release of Mail Sentinel v1.2.0!

Key Highlights:
- Enhanced passive URL domain analysis
- Improved accuracy on display name typosquatting
- Added export reports in JSON/CSV
- Bug fixes in attachment MIME detection

Check out the full changelog in our documentation repository.

Best regards,
Internal Operations Team",0
Follow-up: Release Notes: Mail Sentinel v1.2.0 is now available,"Following up on our discussion yesterday regarding this matter:

We are excited to announce the release of Mail Sentinel v1.2.0!

Key Highlights:
- Enhanced passive URL domain analysis
- Improved accuracy on display name typosquatting
- Added export reports in JSON/CSV
- Bug fixes in attachment MIME detection

Check out the full changelog in our documentation repository.

Cheers,
Alex",0
Weekly Digest: Release Notes: Mail Sentinel v1.2.0 is now available,"Here is your weekly summary:

We are excited to announce the release of Mail Sentinel v1.2.0!

Key Highlights:
- Enhanced passive URL domain analysis
- Improved accuracy on display name typosquatting
- Added export reports in JSON/CSV
- Bug fixes in attachment MIME detection

Check out the full changelog in our documentation repository.",0
Office Maintenance: Scheduled Elevator Servicing this Saturday,"Please be advised that scheduled maintenance will take place on the building passenger elevators this Saturday between 8:00 AM and 2:00 PM. Freight elevators will remain operational during this period. We apologize for any inconvenience.

Facilities Management",0
Re: Office Maintenance: Scheduled Elevator Servicing this Saturday,"Thanks for the update.

On Mon, wrote:
Please be advised that scheduled maintenance will take place on the building passenger elevators this Saturday between 8:00 AM and 2:00 PM. Freight elevators will remain operational during this period. We apologize for any inconvenience.

Facilities Management",0
Fwd: Office Maintenance: Scheduled Elevator Servicing this Saturday,"Sharing this with the wider group for visibility.

---------- Forwarded message ---------
Please be advised that scheduled maintenance will take place on the building passenger elevators this Saturday between 8:00 AM and 2:00 PM. Freight elevators will remain operational during this period. We apologize for any inconvenience.

Facilities Management",0
[Update] Office Maintenance: Scheduled Elevator Servicing this Saturday,"Team,

Please be advised that scheduled maintenance will take place on the building passenger elevators this Saturday between 8:00 AM and 2:00 PM. Freight elevators will remain operational during this period. We apologize for any inconvenience.

Facilities Management

Have a great remainder of the week.",0
FYI: Office Maintenance: Scheduled Elevator Servicing this Saturday,"Please see below for your information:

Please be advised that scheduled maintenance will take place on the building passenger elevators this Saturday between 8:00 AM and 2:00 PM. Freight elevators will remain operational during this period. We apologize for any inconvenience.

Facilities Management

Let me know if any questions.",0
[Internal] Office Maintenance: Scheduled Elevator Servicing this Saturday,"All,

Please be advised that scheduled maintenance will take place on the building passenger elevators this Saturday between 8:00 AM and 2:00 PM. Freight elevators will remain operational during this period. We apologize for any inconvenience.

Facilities Management

Best regards,
Internal Operations Team",0
Follow-up: Office Maintenance: Scheduled Elevator Servicing this Saturday,"Following up on our discussion yesterday regarding this matter:

Please be advised that scheduled maintenance will take place on the building passenger elevators this Saturday between 8:00 AM and 2:00 PM. Freight elevators will remain operational during this period. We apologize for any inconvenience.

Facilities Management

Cheers,
Alex",0
Weekly Digest: Office Maintenance: Scheduled Elevator Servicing this Saturday,"Here is your weekly summary:

Please be advised that scheduled maintenance will take place on the building passenger elevators this Saturday between 8:00 AM and 2:00 PM. Freight elevators will remain operational during this period. We apologize for any inconvenience.

Facilities Management",0
HR Notice: Open Enrollment for Health Benefits starts next week,"Dear Team Members,

Annual open enrollment for medical, dental, and vision insurance begins on Monday and runs through November 20th. Informational webinars will be held on Tuesday and Thursday. Please review the updated benefits guide attached on the internal BambooHR portal.

Human Resources Department",0
Re: HR Notice: Open Enrollment for Health Benefits starts next week,"Thanks for the update.

On Mon, wrote:
Dear Team Members,

Annual open enrollment for medical, dental, and vision insurance begins on Monday and runs through November 20th. Informational webinars will be held on Tuesday and Thursday. Please review the updated benefits guide attached on the internal BambooHR portal.

Human Resources Department",0
Fwd: HR Notice: Open Enrollment for Health Benefits starts next week,"Sharing this with the wider group for visibility.

---------- Forwarded message ---------
Dear Team Members,

Annual open enrollment for medical, dental, and vision insurance begins on Monday and runs through November 20th. Informational webinars will be held on Tuesday and Thursday. Please review the updated benefits guide attached on the internal BambooHR portal.

Human Resources Department",0
[Update] HR Notice: Open Enrollment for Health Benefits starts next week,"Team,

Dear Team Members,

Annual open enrollment for medical, dental, and vision insurance begins on Monday and runs through November 20th. Informational webinars will be held on Tuesday and Thursday. Please review the updated benefits guide attached on the internal BambooHR portal.

Human Resources Department

Have a great remainder of the week.",0
FYI: HR Notice: Open Enrollment for Health Benefits starts next week,"Please see below for your information:

Dear Team Members,

Annual open enrollment for medical, dental, and vision insurance begins on Monday and runs through November 20th. Informational webinars will be held on Tuesday and Thursday. Please review the updated benefits guide attached on the internal BambooHR portal.

Human Resources Department

Let me know if any questions.",0
[Internal] HR Notice: Open Enrollment for Health Benefits starts next week,"All,

Dear Team Members,

Annual open enrollment for medical, dental, and vision insurance begins on Monday and runs through November 20th. Informational webinars will be held on Tuesday and Thursday. Please review the updated benefits guide attached on the internal BambooHR portal.

Human Resources Department

Best regards,
Internal Operations Team",0
Follow-up: HR Notice: Open Enrollment for Health Benefits starts next week,"Following up on our discussion yesterday regarding this matter:

Dear Team Members,

Annual open enrollment for medical, dental, and vision insurance begins on Monday and runs through November 20th. Informational webinars will be held on Tuesday and Thursday. Please review the updated benefits guide attached on the internal BambooHR portal.

Human Resources Department

Cheers,
Alex",0
Weekly Digest: HR Notice: Open Enrollment for Health Benefits starts next week,"Here is your weekly summary:

Dear Team Members,

Annual open enrollment for medical, dental, and vision insurance begins on Monday and runs through November 20th. Informational webinars will be held on Tuesday and Thursday. Please review the updated benefits guide attached on the internal BambooHR portal.

Human Resources Department",0
Security Advisory: Scheduled Patching of Staging Kubernetes Clusters,"DevOps Notice:

We will be performing routine kernel upgrades and security patches on the staging Kubernetes cluster tonight between 11:00 PM and 1:00 AM UTC. No downtime is expected for production traffic. Staging API endpoints may experience intermittent restarts for up to 5 minutes.",0
Re: Security Advisory: Scheduled Patching of Staging Kubernetes Clusters,"Thanks for the update.

On Mon, wrote:
DevOps Notice:

We will be performing routine kernel upgrades and security patches on the staging Kubernetes cluster tonight between 11:00 PM and 1:00 AM UTC. No downtime is expected for production traffic. Staging API endpoints may experience intermittent restarts for up to 5 minutes.",0
Fwd: Security Advisory: Scheduled Patching of Staging Kubernetes Clusters,"Sharing this with the wider group for visibility.

---------- Forwarded message ---------
DevOps Notice:

We will be performing routine kernel upgrades and security patches on the staging Kubernetes cluster tonight between 11:00 PM and 1:00 AM UTC. No downtime is expected for production traffic. Staging API endpoints may experience intermittent restarts for up to 5 minutes.",0
[Update] Security Advisory: Scheduled Patching of Staging Kubernetes Clusters,"Team,

DevOps Notice:

We will be performing routine kernel upgrades and security patches on the staging Kubernetes cluster tonight between 11:00 PM and 1:00 AM UTC. No downtime is expected for production traffic. Staging API endpoints may experience intermittent restarts for up to 5 minutes.

Have a great remainder of the week.",0
FYI: Security Advisory: Scheduled Patching of Staging Kubernetes Clusters,"Please see below for your information:

DevOps Notice:

We will be performing routine kernel upgrades and security patches on the staging Kubernetes cluster tonight between 11:00 PM and 1:00 AM UTC. No downtime is expected for production traffic. Staging API endpoints may experience intermittent restarts for up to 5 minutes.

Let me know if any questions.",0
[Internal] Security Advisory: Scheduled Patching of Staging Kubernetes Clusters,"All,

DevOps Notice:

We will be performing routine kernel upgrades and security patches on the staging Kubernetes cluster tonight between 11:00 PM and 1:00 AM UTC. No downtime is expected for production traffic. Staging API endpoints may experience intermittent restarts for up to 5 minutes.

Best regards,
Internal Operations Team",0
Follow-up: Security Advisory: Scheduled Patching of Staging Kubernetes Clusters,"Following up on our discussion yesterday regarding this matter:

DevOps Notice:

We will be performing routine kernel upgrades and security patches on the staging Kubernetes cluster tonight between 11:00 PM and 1:00 AM UTC. No downtime is expected for production traffic. Staging API endpoints may experience intermittent restarts for up to 5 minutes.

Cheers,
Alex",0
Weekly Digest: Security Advisory: Scheduled Patching of Staging Kubernetes Clusters,"Here is your weekly summary:

DevOps Notice:

We will be performing routine kernel upgrades and security patches on the staging Kubernetes cluster tonight between 11:00 PM and 1:00 AM UTC. No downtime is expected for production traffic. Staging API endpoints may experience intermittent restarts for up to 5 minutes.",0
Your receipt from The Coffee Bean & Tea Leaf,Thank you for your visit! Total: $6.75 paid with Apple Pay on 10/24 at 08:42 AM. Item: 1x Large Iced Vanilla Latte. We appreciate your business and hope to see you again soon!,0
Re: Your receipt from The Coffee Bean & Tea Leaf,"Thanks for the update.

On Mon, wrote:
Thank you for your visit! Total: $6.75 paid with Apple Pay on 10/24 at 08:42 AM. Item: 1x Large Iced Vanilla Latte. We appreciate your business and hope to see you again soon!",0
Fwd: Your receipt from The Coffee Bean & Tea Leaf,"Sharing this with the wider group for visibility.

---------- Forwarded message ---------
Thank you for your visit! Total: $6.75 paid with Apple Pay on 10/24 at 08:42 AM. Item: 1x Large Iced Vanilla Latte. We appreciate your business and hope to see you again soon!",0
[Update] Your receipt from The Coffee Bean & Tea Leaf,"Team,

Thank you for your visit! Total: $6.75 paid with Apple Pay on 10/24 at 08:42 AM. Item: 1x Large Iced Vanilla Latte. We appreciate your business and hope to see you again soon!

Have a great remainder of the week.",0
FYI: Your receipt from The Coffee Bean & Tea Leaf,"Please see below for your information:

Thank you for your visit! Total: $6.75 paid with Apple Pay on 10/24 at 08:42 AM. Item: 1x Large Iced Vanilla Latte. We appreciate your business and hope to see you again soon!

Let me know if any questions.",0
[Internal] Your receipt from The Coffee Bean & Tea Leaf,"All,

Thank you for your visit! Total: $6.75 paid with Apple Pay on 10/24 at 08:42 AM. Item: 1x Large Iced Vanilla Latte. We appreciate your business and hope to see you again soon!

Best regards,
Internal Operations Team",0
Follow-up: Your receipt from The Coffee Bean & Tea Leaf,"Following up on our discussion yesterday regarding this matter:

Thank you for your visit! Total: $6.75 paid with Apple Pay on 10/24 at 08:42 AM. Item: 1x Large Iced Vanilla Latte. We appreciate your business and hope to see you again soon!

Cheers,
Alex",0
Weekly Digest: Your receipt from The Coffee Bean & Tea Leaf,"Here is your weekly summary:

Thank you for your visit! Total: $6.75 paid with Apple Pay on 10/24 at 08:42 AM. Item: 1x Large Iced Vanilla Latte. We appreciate your business and hope to see you again soon!",0
Flight Confirmation: SFO to JFK - Delta Air Lines #DL482,"Confirmation Code: H7X9K2. Passenger: Rohan JM. Flight: DL482 departing San Francisco (SFO) at 8:15 AM on Nov 18, arriving New York (JFK) at 4:45 PM. Seat 14A (Main Cabin). Add your boarding pass to Apple Wallet via the official Delta app.",0
Re: Flight Confirmation: SFO to JFK - Delta Air Lines #DL482,"Thanks for the update.

On Mon, wrote:
Confirmation Code: H7X9K2. Passenger: Rohan JM. Flight: DL482 departing San Francisco (SFO) at 8:15 AM on Nov 18, arriving New York (JFK) at 4:45 PM. Seat 14A (Main Cabin). Add your boarding pass to Apple Wallet via the official Delta app.",0
Fwd: Flight Confirmation: SFO to JFK - Delta Air Lines #DL482,"Sharing this with the wider group for visibility.

---------- Forwarded message ---------
Confirmation Code: H7X9K2. Passenger: Rohan JM. Flight: DL482 departing San Francisco (SFO) at 8:15 AM on Nov 18, arriving New York (JFK) at 4:45 PM. Seat 14A (Main Cabin). Add your boarding pass to Apple Wallet via the official Delta app.",0
[Update] Flight Confirmation: SFO to JFK - Delta Air Lines #DL482,"Team,

Confirmation Code: H7X9K2. Passenger: Rohan JM. Flight: DL482 departing San Francisco (SFO) at 8:15 AM on Nov 18, arriving New York (JFK) at 4:45 PM. Seat 14A (Main Cabin). Add your boarding pass to Apple Wallet via the official Delta app.

Have a great remainder of the week.",0
FYI: Flight Confirmation: SFO to JFK - Delta Air Lines #DL482,"Please see below for your information:

Confirmation Code: H7X9K2. Passenger: Rohan JM. Flight: DL482 departing San Francisco (SFO) at 8:15 AM on Nov 18, arriving New York (JFK) at 4:45 PM. Seat 14A (Main Cabin). Add your boarding pass to Apple Wallet via the official Delta app.

Let me know if any questions.",0
[Internal] Flight Confirmation: SFO to JFK - Delta Air Lines #DL482,"All,

Confirmation Code: H7X9K2. Passenger: Rohan JM. Flight: DL482 departing San Francisco (SFO) at 8:15 AM on Nov 18, arriving New York (JFK) at 4:45 PM. Seat 14A (Main Cabin). Add your boarding pass to Apple Wallet via the official Delta app.

Best regards,
Internal Operations Team",0
Follow-up: Flight Confirmation: SFO to JFK - Delta Air Lines #DL482,"Following up on our discussion yesterday regarding this matter:

Confirmation Code: H7X9K2. Passenger: Rohan JM. Flight: DL482 departing San Francisco (SFO) at 8:15 AM on Nov 18, arriving New York (JFK) at 4:45 PM. Seat 14A (Main Cabin). Add your boarding pass to Apple Wallet via the official Delta app.

Cheers,
Alex",0
Weekly Digest: Flight Confirmation: SFO to JFK - Delta Air Lines #DL482,"Here is your weekly summary:

Confirmation Code: H7X9K2. Passenger: Rohan JM. Flight: DL482 departing San Francisco (SFO) at 8:15 AM on Nov 18, arriving New York (JFK) at 4:45 PM. Seat 14A (Main Cabin). Add your boarding pass to Apple Wallet via the official Delta app.",0
Gym Membership: Monthly check-in summary and class schedule,"Way to go! You completed 12 workouts at Equinox this month. Check out next week's updated HIIT, yoga, and spin class schedules on our member portal or mobile app. Remember to stay hydrated!",0
Re: Gym Membership: Monthly check-in summary and class schedule,"Thanks for the update.

On Mon, wrote:
Way to go! You completed 12 workouts at Equinox this month. Check out next week's updated HIIT, yoga, and spin class schedules on our member portal or mobile app. Remember to stay hydrated!",0
Fwd: Gym Membership: Monthly check-in summary and class schedule,"Sharing this with the wider group for visibility.

---------- Forwarded message ---------
Way to go! You completed 12 workouts at Equinox this month. Check out next week's updated HIIT, yoga, and spin class schedules on our member portal or mobile app. Remember to stay hydrated!",0
[Update] Gym Membership: Monthly check-in summary and class schedule,"Team,

Way to go! You completed 12 workouts at Equinox this month. Check out next week's updated HIIT, yoga, and spin class schedules on our member portal or mobile app. Remember to stay hydrated!

Have a great remainder of the week.",0
FYI: Gym Membership: Monthly check-in summary and class schedule,"Please see below for your information:

Way to go! You completed 12 workouts at Equinox this month. Check out next week's updated HIIT, yoga, and spin class schedules on our member portal or mobile app. Remember to stay hydrated!

Let me know if any questions.",0
[Internal] Gym Membership: Monthly check-in summary and class schedule,"All,

Way to go! You completed 12 workouts at Equinox this month. Check out next week's updated HIIT, yoga, and spin class schedules on our member portal or mobile app. Remember to stay hydrated!

Best regards,
Internal Operations Team",0
Follow-up: Gym Membership: Monthly check-in summary and class schedule,"Following up on our discussion yesterday regarding this matter:

Way to go! You completed 12 workouts at Equinox this month. Check out next week's updated HIIT, yoga, and spin class schedules on our member portal or mobile app. Remember to stay hydrated!

Cheers,
Alex",0
Weekly Digest: Gym Membership: Monthly check-in summary and class schedule,"Here is your weekly summary:

Way to go! You completed 12 workouts at Equinox this month. Check out next week's updated HIIT, yoga, and spin class schedules on our member portal or mobile app. Remember to stay hydrated!",0
"Google Calendar: Invitation - Sprint Planning @ Mon Nov 4, 10am - 11am","You have been invited to Sprint Planning by Priya Patel.
When: Monday Nov 4, 2024 10:00 AM - 11:00 AM Eastern Time.
Where: Google Meet (meet.google.com/abc-defg-hij).
Guests: Engineering Team, Product Manager.
Accept / Tentative / Decline options available in your calendar.",0
"Re: Google Calendar: Invitation - Sprint Planning @ Mon Nov 4, 10am - 11am","Thanks for the update.

On Mon, wrote:
You have been invited to Sprint Planning by Priya Patel.
When: Monday Nov 4, 2024 10:00 AM - 11:00 AM Eastern Time.
Where: Google Meet (meet.google.com/abc-defg-hij).
Guests: Engineering Team, Product Manager.
Accept / Tentative / Decline options available in your calendar.",0
"Fwd: Google Calendar: Invitation - Sprint Planning @ Mon Nov 4, 10am - 11am","Sharing this with the wider group for visibility.

---------- Forwarded message ---------
You have been invited to Sprint Planning by Priya Patel.
When: Monday Nov 4, 2024 10:00 AM - 11:00 AM Eastern Time.
Where: Google Meet (meet.google.com/abc-defg-hij).
Guests: Engineering Team, Product Manager.
Accept / Tentative / Decline options available in your calendar.",0
"[Update] Google Calendar: Invitation - Sprint Planning @ Mon Nov 4, 10am - 11am","Team,

You have been invited to Sprint Planning by Priya Patel.
When: Monday Nov 4, 2024 10:00 AM - 11:00 AM Eastern Time.
Where: Google Meet (meet.google.com/abc-defg-hij).
Guests: Engineering Team, Product Manager.
Accept / Tentative / Decline options available in your calendar.

Have a great remainder of the week.",0
"FYI: Google Calendar: Invitation - Sprint Planning @ Mon Nov 4, 10am - 11am","Please see below for your information:

You have been invited to Sprint Planning by Priya Patel.
When: Monday Nov 4, 2024 10:00 AM - 11:00 AM Eastern Time.
Where: Google Meet (meet.google.com/abc-defg-hij).
Guests: Engineering Team, Product Manager.
Accept / Tentative / Decline options available in your calendar.

Let me know if any questions.",0
"[Internal] Google Calendar: Invitation - Sprint Planning @ Mon Nov 4, 10am - 11am","All,

You have been invited to Sprint Planning by Priya Patel.
When: Monday Nov 4, 2024 10:00 AM - 11:00 AM Eastern Time.
Where: Google Meet (meet.google.com/abc-defg-hij).
Guests: Engineering Team, Product Manager.
Accept / Tentative / Decline options available in your calendar.

Best regards,
Internal Operations Team",0
"Follow-up: Google Calendar: Invitation - Sprint Planning @ Mon Nov 4, 10am - 11am","Following up on our discussion yesterday regarding this matter:

You have been invited to Sprint Planning by Priya Patel.
When: Monday Nov 4, 2024 10:00 AM - 11:00 AM Eastern Time.
Where: Google Meet (meet.google.com/abc-defg-hij).
Guests: Engineering Team, Product Manager.
Accept / Tentative / Decline options available in your calendar.

Cheers,
Alex",0
"Weekly Digest: Google Calendar: Invitation - Sprint Planning @ Mon Nov 4, 10am - 11am","Here is your weekly summary:

You have been invited to Sprint Planning by Priya Patel.
When: Monday Nov 4, 2024 10:00 AM - 11:00 AM Eastern Time.
Where: Google Meet (meet.google.com/abc-defg-hij).
Guests: Engineering Team, Product Manager.
Accept / Tentative / Decline options available in your calendar.",0
Conference Registration Confirmed: PyCon US 2025 in Pittsburgh,"Dear Attendee, Your registration for PyCon US 2025 has been confirmed. Confirmation number: PYCON-89214. The conference schedule and tutorial registration links will be sent out in January. We look forward to seeing you there!",0
Re: Conference Registration Confirmed: PyCon US 2025 in Pittsburgh,"Thanks for the update.

On Mon, wrote:
Dear Attendee, Your registration for PyCon US 2025 has been confirmed. Confirmation number: PYCON-89214. The conference schedule and tutorial registration links will be sent out in January. We look forward to seeing you there!",0
Fwd: Conference Registration Confirmed: PyCon US 2025 in Pittsburgh,"Sharing this with the wider group for visibility.

---------- Forwarded message ---------
Dear Attendee, Your registration for PyCon US 2025 has been confirmed. Confirmation number: PYCON-89214. The conference schedule and tutorial registration links will be sent out in January. We look forward to seeing you there!",0
[Update] Conference Registration Confirmed: PyCon US 2025 in Pittsburgh,"Team,

Dear Attendee, Your registration for PyCon US 2025 has been confirmed. Confirmation number: PYCON-89214. The conference schedule and tutorial registration links will be sent out in January. We look forward to seeing you there!

Have a great remainder of the week.",0
FYI: Conference Registration Confirmed: PyCon US 2025 in Pittsburgh,"Please see below for your information:

Dear Attendee, Your registration for PyCon US 2025 has been confirmed. Confirmation number: PYCON-89214. The conference schedule and tutorial registration links will be sent out in January. We look forward to seeing you there!

Let me know if any questions.",0
[Internal] Conference Registration Confirmed: PyCon US 2025 in Pittsburgh,"All,

Dear Attendee, Your registration for PyCon US 2025 has been confirmed. Confirmation number: PYCON-89214. The conference schedule and tutorial registration links will be sent out in January. We look forward to seeing you there!

Best regards,
Internal Operations Team",0
Follow-up: Conference Registration Confirmed: PyCon US 2025 in Pittsburgh,"Following up on our discussion yesterday regarding this matter:

Dear Attendee, Your registration for PyCon US 2025 has been confirmed. Confirmation number: PYCON-89214. The conference schedule and tutorial registration links will be sent out in January. We look forward to seeing you there!

Cheers,
Alex",0
Weekly Digest: Conference Registration Confirmed: PyCon US 2025 in Pittsburgh,"Here is your weekly summary:

Dear Attendee, Your registration for PyCon US 2025 has been confirmed. Confirmation number: PYCON-89214. The conference schedule and tutorial registration links will be sent out in January. We look forward to seeing you there!",0
Code Review Requested: [Frontend] Accessible modal dialog component,"Hi team, I have created a pull request to implement an accessible keyboard-navigable modal dialog adhering to WAI-ARIA standards. Please review when you have time: https://github.com/company/mail-sentinel/pull/156. Tests are passing.",0
Re: Code Review Requested: [Frontend] Accessible modal dialog component,"Thanks for the update.

On Mon, wrote:
Hi team, I have created a pull request to implement an accessible keyboard-navigable modal dialog adhering to WAI-ARIA standards. Please review when you have time: https://github.com/company/mail-sentinel/pull/156. Tests are passing.",0
Fwd: Code Review Requested: [Frontend] Accessible modal dialog component,"Sharing this with the wider group for visibility.

---------- Forwarded message ---------
Hi team, I have created a pull request to implement an accessible keyboard-navigable modal dialog adhering to WAI-ARIA standards. Please review when you have time: https://github.com/company/mail-sentinel/pull/156. Tests are passing.",0
[Update] Code Review Requested: [Frontend] Accessible modal dialog component,"Team,

Hi team, I have created a pull request to implement an accessible keyboard-navigable modal dialog adhering to WAI-ARIA standards. Please review when you have time: https://github.com/company/mail-sentinel/pull/156. Tests are passing.

Have a great remainder of the week.",0
FYI: Code Review Requested: [Frontend] Accessible modal dialog component,"Please see below for your information:

Hi team, I have created a pull request to implement an accessible keyboard-navigable modal dialog adhering to WAI-ARIA standards. Please review when you have time: https://github.com/company/mail-sentinel/pull/156. Tests are passing.

Let me know if any questions.",0
[Internal] Code Review Requested: [Frontend] Accessible modal dialog component,"All,

Hi team, I have created a pull request to implement an accessible keyboard-navigable modal dialog adhering to WAI-ARIA standards. Please review when you have time: https://github.com/company/mail-sentinel/pull/156. Tests are passing.

Best regards,
Internal Operations Team",0
Follow-up: Code Review Requested: [Frontend] Accessible modal dialog component,"Following up on our discussion yesterday regarding this matter:

Hi team, I have created a pull request to implement an accessible keyboard-navigable modal dialog adhering to WAI-ARIA standards. Please review when you have time: https://github.com/company/mail-sentinel/pull/156. Tests are passing.

Cheers,
Alex",0
Weekly Digest: Code Review Requested: [Frontend] Accessible modal dialog component,"Here is your weekly summary:

Hi team, I have created a pull request to implement an accessible keyboard-navigable modal dialog adhering to WAI-ARIA standards. Please review when you have time: https://github.com/company/mail-sentinel/pull/156. Tests are passing.",0
Substack: Weekly Cybersecurity Architecture Digest #89,"In this week's issue: zero-trust network architectures, memory-safe languages in operating systems, and supply chain security in modern package registries. Read the full post on Substack: https://cyberarchitecture.substack.com/p/issue-89.",0
Re: Substack: Weekly Cybersecurity Architecture Digest #89,"Thanks for the update.

On Mon, wrote:
In this week's issue: zero-trust network architectures, memory-safe languages in operating systems, and supply chain security in modern package registries. Read the full post on Substack: https://cyberarchitecture.substack.com/p/issue-89.",0
Fwd: Substack: Weekly Cybersecurity Architecture Digest #89,"Sharing this with the wider group for visibility.

---------- Forwarded message ---------
In this week's issue: zero-trust network architectures, memory-safe languages in operating systems, and supply chain security in modern package registries. Read the full post on Substack: https://cyberarchitecture.substack.com/p/issue-89.",0
[Update] Substack: Weekly Cybersecurity Architecture Digest #89,"Team,

In this week's issue: zero-trust network architectures, memory-safe languages in operating systems, and supply chain security in modern package registries. Read the full post on Substack: https://cyberarchitecture.substack.com/p/issue-89.

Have a great remainder of the week.",0
FYI: Substack: Weekly Cybersecurity Architecture Digest #89,"Please see below for your information:

In this week's issue: zero-trust network architectures, memory-safe languages in operating systems, and supply chain security in modern package registries. Read the full post on Substack: https://cyberarchitecture.substack.com/p/issue-89.

Let me know if any questions.",0
[Internal] Substack: Weekly Cybersecurity Architecture Digest #89,"All,

In this week's issue: zero-trust network architectures, memory-safe languages in operating systems, and supply chain security in modern package registries. Read the full post on Substack: https://cyberarchitecture.substack.com/p/issue-89.

Best regards,
Internal Operations Team",0
Follow-up: Substack: Weekly Cybersecurity Architecture Digest #89,"Following up on our discussion yesterday regarding this matter:

In this week's issue: zero-trust network architectures, memory-safe languages in operating systems, and supply chain security in modern package registries. Read the full post on Substack: https://cyberarchitecture.substack.com/p/issue-89.

Cheers,
Alex",0
Weekly Digest: Substack: Weekly Cybersecurity Architecture Digest #89,"Here is your weekly summary:

In this week's issue: zero-trust network architectures, memory-safe languages in operating systems, and supply chain security in modern package registries. Read the full post on Substack: https://cyberarchitecture.substack.com/p/issue-89.",0
Datadog Alert: Database connection pool utilization normalized,Resolved: Database connection pool utilization on replica-02 has returned below 65% threshold (currently 42%). Event duration: 4 minutes. No query latency spikes detected on primary cluster.,0
